obsid,obi,date
62219,0,'Dec  4 2009  8:27PM'
62549,0,'Aug 18 1999  2:50AM'
837,0,'Jul 14 2007  5:35AM'
123,0,'Dec 17 2010  3:58PM'
1523,0,'Sep 15 2007  5:23AM'
62184,0,'Jul 14 2007  5:59AM'
58596,0,'Jan  6 2007 11:11AM'
1226,0,'Dec 14 2009  2:35AM'
891,0,'May 11 2007  8:41AM'
514,0,'Sep 15 2007  7:47AM'
55572,0,'Mar 20 2011  1:21PM'
949,0,'Sep 15 2007  7:44AM'
58680,0,'Nov 26 2006  1:52PM'
9716,0,'Feb 10 2009 11:55AM'
62151,0,'Sep 15 2007  5:25AM'
341,0,'Nov 25 2009  2:42AM'
549,1,'Nov 20 2009  5:22AM'
59748,0,'Feb 27 2006 12:22AM'
1379,0,'Nov 18 2009 10:11PM'
62202,0,'Dec  5 2009  4:40AM'
20,0,'May 11 2007  6:32PM'
850,0,'Nov 25 2009  5:13AM'
57866,0,'Apr 11 2008  8:57AM'
760,0,'May 11 2007  6:34PM'
872,0,'May 10 2007  5:35AM'
1439,0,'Nov 24 2009  7:11AM'
1192,0,'Jan 13 2010  1:06AM'
62297,0,'Nov 24 2009  9:25AM'
62198,0,'Dec  4 2009  7:14PM'
1346,0,'Nov 18 2009 10:02PM'
62390,0,'Jan 13 2010  3:57AM'
62279,0,'Nov 25 2009  4:54AM'
56820,0,'Sep 19 2009  3:56PM'
57126,0,'May  5 2009  3:59PM'
62075,0,'May 11 2007  1:32PM'
55465,0,'May  1 2011  6:16PM'
62,2,'May 10 2007  5:37AM'
60654,0,'Jul 14 2006  1:23AM'
62439,0,'Jan 12 2010  8:24PM'
62340,0,'Nov 20 2009  7:44AM'
507,1,'May 17 2007 11:07PM'
62316,0,'Nov 21 2009  6:32AM'
56516,0,'Jan 16 2010 11:19AM'
56210,1,'Jun  5 2010  2:32PM'
963,1,'Sep  6 2007  3:15PM'
62126,0,'May  8 2007 10:20AM'
62255,0,'Nov 26 2009  2:59AM'
1395,0,'Nov 20 2009 10:30AM'
673,0,'May  8 2007  4:42AM'
512,0,'May 11 2007  1:15PM'
62066,0,'May 18 2007  1:16AM'
1093,0,'Dec 17 2009 12:29AM'
1360,0,'Nov 18 2009 10:05PM'
342,0,'Jul 14 2007  6:06AM'
1167,1,'Jan 13 2010  4:19AM'
1715,0,'May 23 2007  6:16AM'
1519,0,'Dec  5 2009  4:07AM'
56323,1,'Apr 18 2010  6:30PM'
62145,0,'Sep 15 2007  8:06AM'
62357,0,'Nov 19 2009  5:25AM'
62426,0,'Jan 13 2010  6:49AM'
62130,0,'May  8 2007  4:49AM'
58489,0,'Mar 12 2007  1:05PM'
55335,0,'Jun 21 2011  1:13AM'
4462,0,'Feb  4 2009 10:44PM'
1080,0,'Dec 16 2009  2:19AM'
1236,1,'Dec 17 2009  5:56AM'
61077,1,'Feb  4 2009 11:41PM'
56899,1,'Aug 10 2009  2:27PM'
218,0,'Dec 17 2009  3:44AM'
62216,0,'Dec  4 2009  9:01PM'
544,0,'May 10 2007  5:31AM'
56727,0,'Oct 26 2009  6:52AM'
1291,0,'Jan 12 2010 12:05PM'
58493,0,'Mar 11 2007  5:49PM'
4456,0,'Feb  4 2009  6:16PM'
165,0,'Dec 16 2009  2:51AM'
62071,0,'May 17 2007 11:05PM'
62832,0,'Feb 18 2006  2:56AM'
58081,0,'Dec 11 2007  4:10PM'
1264,0,'Dec 13 2009 11:49PM'
62252,0,'Nov 29 2009  2:26PM'
1320,0,'Sep 28 2010 10:29AM'
330,0,'Nov 25 2009 11:57PM'
62223,0,'Dec  2 2009  9:32AM'
1237,1,'Dec 17 2009  5:58AM'
56758,0,'Oct 11 2009 12:12AM'
271,0,'May  8 2007  4:29AM'
80,0,'Nov 25 2009  2:42AM'
60426,0,'Feb  4 2009  9:25AM'
1322,0,'Sep 28 2010 10:31AM'
60767,1,'Aug  1 2006  1:56AM'
857,0,'May 11 2007 11:52AM'
958,0,'Sep 14 2007  8:08PM'
56774,0,'Oct  8 2009 12:08AM'
101,1,'Nov 20 2009  5:23AM'
348,0,'May  8 2007  4:25AM'
1110,0,'Jan 13 2010  2:39AM'
62064,0,'May 18 2007  1:49AM'
2488,1,'Feb  9 2009  4:39PM'
56873,0,'Aug 24 2009 12:57PM'
822,0,'May 10 2007  5:33AM'
787,0,'Dec  2 2009  2:44AM'
1057,0,'Dec 14 2009  1:43AM'
62210,0,'Dec  4 2009 11:47PM'
1156,1,'Dec  2 2009 11:06AM'
62381,0,'Sep 28 2010  3:26AM'
62193,0,'Jul 14 2007  1:19AM'
56950,0,'Jul 17 2009  1:40PM'
62394,0,'Jan 12 2010  6:32PM'
1506,0,'Nov 25 2009  5:13AM'
62308,0,'Nov 24 2009  5:18AM'
58077,0,'Dec 11 2007  4:15PM'
62438,0,'Jan 12 2010  8:24PM'
62410,0,'Jan 13 2010  4:27AM'
62311,0,'Nov 21 2009  7:03AM'
62136,0,'May  8 2007  3:29AM'
768,0,'May  8 2007  4:26AM'
765,0,'Nov 26 2009 12:13AM'
783,0,'Nov 29 2009  4:33PM'
56778,0,'Oct  8 2009 12:04AM'
467,0,'Dec 17 2009 12:30AM'
62274,0,'Nov 25 2009 11:56PM'
1425,0,'Nov 20 2009  8:03AM'
62310,0,'Nov 24 2009  5:13AM'
55,0,'Nov 21 2009  6:38AM'
1392,0,'Nov 20 2009 10:28AM'
62291,0,'Nov 25 2009  2:44AM'
1069,0,'Dec 15 2009 11:16PM'
1501,0,'Nov 25 2009  5:11AM'
1326,0,'Sep 28 2010 10:35AM'
423,0,'May 18 2007 12:39AM'
1349,0,'Nov 18 2009 10:02PM'
62175,1,'Jul 14 2007 11:25AM'
864,0,'Dec  5 2009  5:50AM'
61290,0,'Sep  2 2006 12:47PM'
1235,1,'Dec 17 2009  5:49AM'
62359,0,'Nov 19 2009  5:00AM'
1209,0,'Feb  1 2010  8:40PM'
1329,0,'Sep 28 2010 11:37AM'
1108,0,'Jan 13 2010  2:06AM'
427,1,'Dec  4 2009 10:49PM'
56325,1,'Apr 18 2010  6:29PM'
62852,0,'Sep  8 2006 12:17AM'
351,0,'Aug 27 2007  6:54PM'
55866,0,'Nov 18 2010 10:42PM'
62329,0,'Nov 21 2009  3:48AM'
82,2,'Dec 31 2000  1:06AM'
1211,0,'Jan 12 2010  1:31PM'
1366,0,'Nov 18 2009 10:07PM'
959,0,'May 11 2007 12:36PM'
55830,0,'Dec  2 2010  3:08AM'
62227,0,'Dec  2 2009  6:22AM'
509,1,'Nov 21 2009  3:52AM'
900,1,'May 23 2007 10:44AM'
58224,0,'Sep 10 2007 10:31AM'
347,0,'Nov 25 2009  2:59AM'
815,0,'Nov 29 2009  4:33PM'
57137,0,'Apr 29 2009  4:06PM'
1266,0,'Dec 14 2009  1:49AM'
62395,0,'Jan 12 2010 12:13PM'
62810,0,'Nov  6 2009  5:18PM'
1450,0,'Nov 15 2010  1:32PM'
1331,0,'Sep 28 2010 12:17PM'
52,0,'Nov  9 2010  3:15PM'
1385,0,'Jan 19 2010  2:41PM'
55459,0,'May  4 2011  7:15PM'
62895,0,'Nov  2 2007  4:23AM'
55602,1,'Mar  9 2011 11:25PM'
62176,1,'Jul 14 2007 11:25AM'
580,0,'Sep 21 2010  3:05PM'
1149,0,'Jan 12 2010  6:31PM'
231,0,'Sep 15 2007  8:28AM'
859,0,'May 10 2007  5:56AM'
87,0,'May 11 2007  1:36PM'
62845,0,'Jun 30 2006  3:49AM'
1131,0,'Jan 12 2010  2:07PM'
57022,0,'Jun 22 2009 11:50AM'
1082,0,'Dec 15 2009 11:22PM'
844,0,'Jul 14 2007  6:11AM'
55377,0,'Jun  5 2011  3:40PM'
1300,0,'Jan 12 2010 11:46PM'
55699,0,'Jan 23 2011 11:47PM'
62090,0,'May 11 2007  6:17PM'
1330,0,'Sep 28 2010 11:38AM'
1319,0,'Sep 28 2010 10:28AM'
801,0,'Nov 25 2009  5:32AM'
62158,1,'Nov  6 2007  1:47PM'
134,0,'Dec 17 2009  3:42AM'
1321,0,'Sep 28 2010 10:31AM'
62127,0,'May  8 2007  9:13AM'
61286,0,'Sep  2 2006 12:49PM'
1444,0,'Nov 24 2009  7:12AM'
55484,0,'Apr 23 2011  9:17PM'
23,0,'Dec  2 2009  7:55AM'
56467,0,'Feb  6 2010  8:43AM'
526,1,'Sep 27 2000  8:21AM'
62556,1,'Dec 13 2009 11:50PM'
1121,0,'Jan 12 2010  1:36PM'
56057,0,'Aug 26 2010 12:56PM'
56909,1,'Aug  5 2009  3:12AM'
219,0,'Dec 17 2009  3:44AM'
53,0,'Jan 13 2010  6:43AM'
60323,0,'May 29 2006 12:43PM'
62299,0,'Nov 24 2009  8:16AM'
59325,0,'Apr  4 2006  4:57PM'
819,1,'May 11 2007  6:12PM'
62320,0,'Nov 21 2009  6:21AM'
1451,0,'Dec 13 2010  3:37PM'
1228,0,'Dec 15 2009 11:04PM'
56151,1,'Jul  4 2010  3:30PM'
1306,0,'Nov 17 2009  4:11AM'
446,1,'May 11 2007  5:54PM'
56062,0,'Aug 23 2010  2:32PM'
61331,0,'Aug 29 2006 11:23AM'
36,1,'Nov 21 2009  4:09AM'
1277,0,'Dec 17 2009 12:32AM'
62063,0,'May 18 2007  1:50AM'
113,0,'May  8 2007  8:20AM'
876,0,'Nov 29 2009  2:28PM'
336,0,'Nov 24 2009  5:28AM'
62549,1,'Dec 13 2009 11:51PM'
380,1,'Jun 29 2007  2:27PM'
56503,0,'Jan 19 2010  2:54AM'
62391,0,'Jan 13 2010 12:50AM'
56853,0,'Sep  3 2009 10:40AM'
62167,0,'Sep 14 2007  8:08PM'
602,0,'Jul 14 2007 11:08AM'
1407,0,'Nov 20 2009  7:52AM'
62552,1,'Dec 13 2009 11:51PM'
66,0,'Dec 15 2009 11:15PM'
58594,0,'Jan  6 2007 11:06AM'
1328,0,'Sep 28 2010 11:31AM'
1101,1,'Dec 17 2009  5:58AM'
1485,0,'Nov 25 2009  5:05AM'
57708,0,'Jul  9 2008 11:51AM'
57286,0,'Feb 19 2009 12:07PM'
55439,0,'May 12 2011 12:28PM'
56490,1,'Jan 25 2010  2:18PM'
735,1,'May 18 2007  2:27AM'
306,0,'Nov 29 2009  2:29PM'
279,1,'Aug 16 2010  2:46PM'
56413,0,'Mar  4 2010 11:49PM'
62173,0,'Jul 14 2007  6:01AM'
60636,0,'Jul 14 2006  7:25AM'
60321,0,'May 26 2006  8:07PM'
1104,0,'Jan 13 2010  1:05AM'
1096,1,'Dec 17 2009  3:32AM'
848,0,'May  8 2007  9:12AM'
1409,0,'Nov 20 2009  7:40AM'
875,0,'May  8 2007  8:41AM'
61070,2,'Sep 28 2006  1:15PM'
631,0,'Nov 24 2009  5:24AM'
409,0,'Nov 26 2009  1:26AM'
58280,0,'Aug  9 2007  5:36AM'
56074,1,'Aug 16 2010  5:36AM'
62197,0,'Jul 14 2007  1:10AM'
413,0,'May 11 2007 12:37PM'
1148,0,'Jan 12 2010  6:31PM'
62550,1,'Dec 13 2009 11:51PM'
1522,2,'May 11 2007  1:57PM'
1157,1,'Dec  2 2009 11:08AM'
5351,2,'Feb  5 2009  2:30AM'
55987,0,'Oct  7 2010 11:27AM'
62105,0,'May 10 2007  5:58AM'
1399,0,'Nov 20 2009 10:54AM'
1414,0,'Nov 20 2009  8:02AM'
1098,0,'Aug  2 2010  1:08PM'
400,1,'May 23 2011  5:08PM'
61197,1,'Sep 16 2006  8:46AM'
726,0,'Dec  2 2009  3:57AM'
62506,0,'Nov 18 2009 10:11PM'
62824,0,'Nov 15 2005  6:46PM'
56160,0,'Jun 30 2010  1:27AM'
62854,0,'Aug 29 2006 10:55AM'
62287,0,'Nov 25 2009  3:02AM'
494,0,'Nov 26 2009  1:25AM'
1063,0,'Dec 14 2009  1:48AM'
546,0,'May 11 2007  1:54PM'
818,1,'Dec  4 2009 11:59PM'
62181,0,'Jul 14 2007 10:35AM'
1453,0,'Nov 20 2009  5:22AM'
858,2,'May 11 2007  5:34PM'
5327,0,'Feb  5 2009  2:27AM'
840,0,'Nov 29 2009  2:41PM'
437,0,'Sep 14 2007  7:45PM'
62304,0,'Nov 24 2009  5:31AM'
1500,0,'Nov 25 2009  5:10AM'
18,1,'Nov 19 2009  8:20AM'
62207,0,'Dec  5 2009  2:43AM'
62152,0,'Sep 15 2007  5:25AM'
56327,1,'Apr 18 2010  6:28PM'
1359,0,'Nov 18 2009 10:05PM'
56510,0,'Jan 16 2010 11:19AM'
56134,0,'Jul  9 2010 10:56AM'
111,0,'Nov 21 2009  6:38AM'
820,1,'Dec  4 2009 11:07PM'
1477,0,'Nov 24 2009  9:32AM'
62328,0,'Nov 21 2009  3:48AM'
62182,0,'Jul 14 2007  6:36AM'
62188,0,'Jul 14 2007  1:46AM'
540,0,'May 11 2007 12:37PM'
5324,0,'Feb  5 2009  1:34AM'
62520,0,'Sep 28 2010  3:23AM'
243,0,'Nov 25 2009  2:42AM'
57872,0,'Apr 11 2008  9:00AM'
1383,0,'Nov 19 2009  6:00AM'
62083,0,'May 11 2007 12:39PM'
1701,0,'May 11 2007  1:04PM'
60521,0,'Jul  1 2006  5:16PM'
57173,0,'Apr 16 2009  5:25AM'
1139,0,'Jan 12 2010  2:10PM'
62231,0,'Dec  2 2009  3:49AM'
2135,2,'Nov 13 2006 10:16AM'
472,1,'Dec 15 2009 10:35PM'
366,2,'May 10 2007  2:21AM'
1354,0,'Nov 18 2009 10:04PM'
56444,1,'Feb 16 2010  7:05PM'
57209,0,'Mar 30 2009  5:20PM'
62300,0,'Nov 24 2009  8:16AM'
246,2,'Sep 14 2007  7:41PM'
62132,0,'May  8 2007  4:44AM'
233,0,'Sep 15 2007  8:20AM'
62257,0,'Nov 26 2009  2:19AM'
426,0,'May 11 2007  6:07PM'
1499,0,'Nov 25 2009  5:09AM'
62538,0,'Nov 17 2009  3:41PM'
164,0,'Dec 13 2009 11:53PM'
59470,0,'Mar 23 2006 11:18AM'
291,0,'Nov 25 2009  2:42AM'
57063,0,'Jun  5 2009  1:55PM'
62284,0,'Nov 25 2009  4:41AM'
62111,0,'May 10 2007  5:29AM'
2547,0,'Jan 25 2007  1:01PM'
1489,0,'Nov 25 2009  5:07AM'
1400,0,'Nov 20 2009 10:56AM'
55723,0,'Jan 18 2011  6:30AM'
1493,0,'Nov 25 2009  5:03AM'
1370,0,'Nov 18 2009 10:09PM'
1386,0,'Nov 19 2009  8:41AM'
1204,0,'Jan 12 2010  9:13AM'
1200,0,'Dec 17 2009  6:45AM'
27,0,'Sep 14 2007  8:26PM'
56765,0,'Oct  7 2009  3:23PM'
1229,0,'Dec 15 2009 11:16PM'
62112,0,'May 10 2007  2:18AM'
56364,1,'Mar 28 2010  2:41PM'
575,0,'Nov 20 2009  1:34PM'
1086,1,'Nov 21 2009  4:03AM'
122,0,'Dec  2 2009  1:38PM'
1422,0,'Nov 20 2009  1:40PM'
58684,0,'Nov 25 2006  6:19AM'
62344,0,'Nov 20 2009  5:34AM'
57586,0,'Sep 29 2008  2:15PM'
258,2,'Sep 14 2007  7:42PM'
1393,0,'Nov 20 2009 10:28AM'
672,0,'Nov 26 2009  3:23AM'
62385,0,'Jun  6 2001  2:22PM'
417,0,'Dec  2 2009  6:20AM'
239,0,'Dec  4 2009  8:26PM'
1297,0,'Jan 12 2010  1:30PM'
62217,0,'Dec  4 2009  8:54PM'
749,0,'Nov 26 2009  1:55AM'
810,0,'May 17 2007 11:05PM'
55821,0,'Dec  5 2010  1:30PM'
4465,0,'Feb  4 2009 11:43PM'
26,0,'Jul 14 2007  3:12AM'
62324,0,'Nov 21 2009  4:09AM'
1111,0,'Jan 13 2010  3:26AM'
1195,0,'Jan 13 2010  1:08AM'
335,0,'May  8 2007  3:26AM'
649,0,'May 18 2007 12:25AM'
4,0,'Nov 24 2009  8:05AM'
821,0,'Jul 14 2007  6:04AM'
59897,0,'Apr  7 2006  6:38AM'
56185,0,'Jun 16 2010 12:20AM'
1244,1,'Jan 13 2010  4:22AM'
58845,0,'Aug  9 2006 12:04AM'
57582,0,'Sep 29 2008  2:16PM'
62334,0,'Nov 20 2009  1:17PM'
60054,0,'Apr 19 2006  7:48AM'
128,0,'May 17 2007 11:09PM'
216,1,'Dec 15 2009 11:11PM'
1119,0,'Jan 12 2010  1:36PM'
1144,0,'Jan 12 2010  6:28PM'
62423,0,'Jan 13 2010  6:55AM'
498,0,'Nov 25 2009  8:36AM'
62325,0,'Nov 21 2009  3:55AM'
816,2,'May 10 2007  5:20AM'
73,0,'May 11 2007  1:13PM'
59472,0,'Mar 23 2006 11:16AM'
395,1,'Nov 21 2009  3:52AM'
62099,0,'May 11 2007 11:47AM'
1452,0,'Sep  3 2000 11:04PM'
62103,0,'May 10 2007  6:23AM'
799,0,'Nov 29 2009  2:43PM'
56961,0,'Jul 12 2009 12:05PM'
60635,0,'Jul 14 2006  7:26AM'
62089,0,'May 11 2007  6:21PM'
60658,0,'Jul 14 2006  1:21AM'
3,0,'Nov 20 2009  1:48PM'
58085,0,'Dec 11 2007  4:14PM'
1436,0,'Nov 24 2009  7:10AM'
505,0,'May 25 2007  4:28AM'
62229,0,'Dec  2 2009  3:55AM'
62337,0,'Nov 20 2009 10:10AM'
62343,0,'Nov 20 2009  5:35AM'
548,0,'Sep 15 2007  7:58AM'
62166,0,'Sep 14 2007  8:08PM'
62313,0,'Nov 21 2009  6:59AM'
62078,0,'May 11 2007  1:12PM'
1512,0,'Dec  4 2009  7:13PM'
229,0,'Sep 15 2007  8:25AM'
1078,0,'Dec 15 2009 11:24PM'
62271,0,'Nov 25 2009 11:58PM'
55662,0,'Feb  9 2011 12:03PM'
57330,0,'Feb  1 2009  6:41AM'
1490,0,'Nov 25 2009  5:07AM'
719,1,'Feb  5 2009  7:13AM'
62276,0,'Nov 27 2009  6:36PM'
1147,0,'Jan 12 2010  6:31PM'
1283,0,'Jan 12 2010  9:16AM'
1056,0,'Dec 14 2009  1:43AM'
56978,1,'Jul  9 2009  3:55PM'
114,0,'Jul 14 2007  1:13AM'
1151,0,'Jan 12 2010  6:32PM'
720,0,'May  8 2007  4:48AM'
62331,0,'Nov 20 2009  1:31PM'
62436,0,'Jan 12 2010  8:28PM'
1206,0,'Feb  1 2010  8:31PM'
1496,0,'Nov 25 2009  5:08AM'
320,1,'Nov 20 2009  5:21AM'
388,0,'Dec  2 2009 12:36AM'
1508,0,'Nov 26 2009 12:09AM'
406,0,'Sep 15 2007  5:12AM'
845,0,'Jul 14 2007  6:11AM'
61193,1,'Sep 16 2006  8:49AM'
1288,0,'Jan 12 2010  9:17AM'
58286,0,'Aug  9 2007  5:36AM'
438,0,'Nov  1 2007  4:47PM'
62551,1,'Dec 13 2009 11:51PM'
60317,0,'May 26 2006  8:14PM'
62172,0,'Sep 14 2007  7:45PM'
1230,0,'Dec 16 2009  2:49AM'
62107,0,'May 10 2007  5:58AM'
62186,0,'Jul 14 2007  3:18AM'
62171,0,'Sep 14 2007  7:42PM'
1350,0,'Nov 18 2009 10:03PM'
1241,0,'Jan 12 2010  1:35PM'
1412,0,'Nov 26 2009  1:54AM'
57132,0,'May  1 2009 11:10PM'
55669,0,'Feb  6 2011  8:27AM'
1123,0,'Jan 12 2010  1:37PM'
804,0,'Dec  2 2009 12:38AM'
59476,0,'Mar 23 2006 11:15AM'
62179,0,'Jul 14 2007 10:46AM'
55754,0,'Jan  5 2011 10:25PM'
56837,0,'Sep 11 2009  3:38AM'
1282,0,'Jan 12 2010  9:11AM'
56472,0,'Apr 19 2011  1:52PM'
690,0,'May 23 2007  6:51AM'
62154,0,'Sep 15 2007  5:22AM'
1073,0,'Dec 15 2009 11:19PM'
1232,0,'Dec 17 2009  3:42AM'
58497,0,'Mar 11 2007  5:49PM'
90,1,'May 11 2007  6:26PM'
62230,0,'Dec  9 2010  6:39PM'
56301,0,'Apr 24 2010  2:16AM'
57307,0,'Feb 11 2009  8:53PM'
129,0,'Nov 25 2009  2:44AM'
634,0,'Nov 29 2009  4:33PM'
62290,0,'Nov 25 2009  2:53AM'
57338,0,'Jan 29 2009  5:34PM'
1357,0,'Nov 18 2009 10:05PM'
62100,0,'May 11 2007 11:46AM'
501,1,'Nov 21 2009  4:09AM'
1143,0,'Jan 12 2010  6:27PM'
62218,0,'Dec  4 2009  8:54PM'
1516,0,'Jul 14 2007  1:42AM'
58282,0,'Aug  9 2007  5:37AM'
57302,0,'Feb 14 2009 12:20PM'
58079,0,'Dec 11 2007  4:15PM'
282,2,'Sep 14 2007  7:43PM'
64,0,'Nov 17 2009  3:30AM'
1479,0,'Nov 24 2009  5:24AM'
1336,0,'Sep 28 2010 12:24PM'
62141,0,'May  8 2007  2:55AM'
785,0,'Oct  9 2007  3:52PM'
345,1,'Nov 21 2009  3:50AM'
62185,0,'Jul 14 2007  5:55AM'
964,0,'May  8 2007  3:01AM'
517,0,'Feb 26 2008 12:39PM'
1443,0,'Nov 24 2009  5:14AM'
1438,0,'Nov 24 2009  7:10AM'
56138,0,'Jul  9 2010 10:56AM'
725,0,'Dec  2 2009  4:04AM'
55453,0,'May  7 2011 10:38AM'
62192,0,'Jul 14 2007  1:19AM'
839,0,'Nov 29 2009  2:37PM'
1396,0,'Nov 20 2009 10:52AM'
62164,0,'Nov  1 2007  4:50PM'
62072,0,'May 17 2007 10:49PM'
55342,0,'Jun 18 2011  2:11PM'
55981,0,'Oct 10 2010  1:41AM'
234,0,'Sep 15 2007  8:22AM'
55725,0,'Jan 18 2011  6:30AM'
226,0,'Sep 15 2007  8:18AM'
62213,0,'Dec  4 2009 11:05PM'
62138,0,'May  8 2007  3:04AM'
61913,0,'Jun  8 2007  3:57AM'
1368,0,'Nov 18 2009 10:08PM'
4458,1,'Feb 10 2009 11:55AM'
135,0,'Sep 14 2007  8:28PM'
57702,0,'Jul  9 2008 11:56AM'
95,0,'Sep 15 2007 12:51PM'
1401,0,'Nov 20 2009 10:56AM'
62352,0,'Nov 19 2009 12:00PM'
502,0,'Nov 17 2009  4:13AM'
613,0,'Nov 29 2009  2:34PM'
393,1,'Nov 21 2009  3:52AM'
150,0,'Nov  1 2007  4:49PM'
1352,0,'Nov 18 2009 10:03PM'
402,0,'May 11 2007 12:43PM'
495,0,'Nov 25 2009  8:38AM'
61292,0,'Sep  2 2006 12:47PM'
1447,0,'Nov 24 2009  7:13AM'
56132,0,'Jul  9 2010  1:22PM'
62817,0,'Dec 14 2006  7:50AM'
867,1,'May 11 2007  6:01PM'
896,0,'Jan 11 2008  9:52AM'
1276,0,'Dec 17 2009 12:32AM'
1433,0,'Nov 24 2009  5:14AM'
112,0,'Dec 15 2009 11:13PM'
55943,1,'Oct 23 2010 12:40PM'
63,0,'Nov 21 2009  6:07AM'
60936,0,'Oct 13 2006  9:50AM'
1116,0,'Jan 12 2010  1:35PM'
62306,0,'Nov 24 2009  5:29AM'
133,1,'Dec 17 2009  3:30AM'
1227,2,'Dec 17 2009 12:33AM'
62356,0,'Nov 19 2009  5:24AM'
62108,0,'May 10 2007  5:55AM'
969,0,'Nov 26 2009 12:12AM'
62272,0,'Nov 25 2009 11:58PM'
55963,0,'Oct 15 2010 11:53PM'
62190,0,'Jul 14 2007  1:24AM'
323,0,'Dec  5 2009  4:25AM'
389,0,'Nov 26 2009  1:25AM'
62280,0,'Nov 25 2009  4:54AM'
56319,1,'Apr 18 2010  6:29PM'
60519,0,'Jul  1 2006  5:18PM'
1197,1,'Feb  2 2010  5:23PM'
60652,0,'Jul 14 2006  1:23AM'
1335,0,'Sep 28 2010 12:20PM'
58841,0,'Aug  9 2006 12:05AM'
578,0,'Dec 17 2009  6:40AM'
1337,0,'Sep 28 2010  2:36AM'
829,0,'May 10 2007  5:27AM'
10920,0,'Jun 21 2009 12:46PM'
57704,0,'Feb  3 2009  4:57PM'
1416,0,'Nov 20 2009 12:57PM'
643,0,'Dec  5 2009  6:29AM'
56221,1,'Jun  2 2010 10:26PM'
515,2,'Nov 20 2009  5:39AM'
55607,1,'Mar  7 2011  9:29AM'
1193,0,'Jan 13 2010  1:07AM'
1365,0,'Nov 18 2009 10:07PM'
1402,0,'Nov 20 2009 12:37PM'
1215,0,'Jan 12 2010  1:32PM'
56974,1,'Jul  9 2009  5:21PM'
61199,1,'Sep 16 2006  8:45AM'
265,0,'Jun 12 2007  1:51AM'
56563,0,'Dec 27 2009 12:53AM'
47,2,'May 10 2007  5:54AM'
907,0,'May 11 2007 11:49AM'
1224,0,'Nov 21 2009  6:15AM'
55926,0,'Oct 28 2010 12:52PM'
58676,0,'Nov 26 2006  1:53PM'
851,1,'May 11 2007  5:57PM'
55504,0,'Apr 18 2011  6:24PM'
1456,2,'Oct 21 2000  2:41PM'
1233,1,'Nov 21 2009  4:09AM'
1338,0,'Sep 28 2010  2:36AM'
55472,0,'Apr 29 2011 10:26AM'
58598,0,'Jan  6 2007 11:06AM'
62140,0,'May  8 2007  3:02AM'
220,0,'Dec 16 2009  2:27AM'
55696,0,'Jan 23 2011 11:48PM'
55578,0,'Mar 20 2011 11:28AM'
1355,0,'Nov 18 2009 10:04PM'
750,0,'Nov 29 2009  2:49PM'
55902,0,'Nov  5 2010  1:51PM'
62853,0,'Aug 26 2006  2:13AM'
60763,1,'Aug  1 2006  1:57AM'
59323,0,'Apr  4 2006  4:59PM'
2493,1,'Feb  4 2009  3:06AM'
882,0,'Feb  5 2009  9:19AM'
119,0,'Nov 24 2009  7:46AM'
60177,0,'May 23 2006  6:32AM'
62505,0,'Nov 18 2009 10:11PM'
303,1,'Nov 19 2009 11:48AM'
62180,0,'Jul 14 2007 10:44AM'
55967,0,'Oct 15 2010 11:54PM'
56136,0,'Jul  9 2010 10:57AM'
62266,1,'Nov 26 2009  1:17AM'
442,0,'May 11 2007  1:28PM'
62333,0,'Nov 20 2009  1:32PM'
62212,0,'Dec  4 2009 11:38PM'
1410,0,'Nov 20 2009  8:00AM'
782,1,'May 23 2007 10:39AM'
1347,0,'Nov 18 2009 10:02PM'
228,0,'Sep 15 2007  8:24AM'
349,2,'May  8 2007  4:25AM'
1394,0,'Nov 20 2009 10:30AM'
62155,0,'Sep 15 2007  5:14AM'
62827,0,'Mar 23 2006  4:19PM'
1218,0,'Jan 12 2010  1:33PM'
55306,0,'Jul  4 2011  8:52AM'
62305,0,'Nov 24 2009  5:30AM'
62165,0,'Sep 14 2007  8:08PM'
56719,0,'Oct 28 2009  9:39PM'
1216,0,'Jan 12 2010  1:33PM'
1304,0,'Nov 17 2009  4:08AM'
58600,0,'Jan  6 2007 11:07AM'
4459,1,'Feb  4 2009  9:22PM'
55478,0,'Apr 26 2011  4:36PM'
1495,0,'Nov 25 2009  5:08AM'
58495,0,'Mar 11 2007  5:49PM'
806,1,'Dec  5 2009  1:57AM'
57071,0,'Jun  2 2009  8:59PM'
94,0,'Sep 28 2010  7:31AM'
62820,0,'Oct 13 2006  2:45PM'
809,0,'May 11 2007  1:05PM'
790,0,'Nov 29 2009  2:28PM'
59082,0,'Mar  5 2006  9:41PM'
62556,0,'Aug 17 1999 11:44PM'
773,0,'Sep 15 2007  7:48AM'
56976,1,'Jul  9 2009  5:21PM'
62069,0,'May 18 2007 12:27AM'
62397,0,'Jan 12 2010  9:14AM'
459,0,'Dec  2 2009  1:09AM'
934,0,'May 10 2007  6:08AM'
58682,0,'Nov 25 2006  6:20AM'
1250,1,'Dec 17 2009  3:32AM'
60428,0,'Jun  7 2006 11:02PM'
1242,0,'Jan 12 2010  8:18PM'
57242,0,'Mar 10 2009  3:26AM'
1198,0,'Dec  2 2009 12:48AM'
60517,0,'Jul  1 2006  5:19PM'
227,0,'Sep 15 2007  8:23AM'
1442,0,'Nov 24 2009  5:14AM'
62839,0,'Apr 26 2006  5:35AM'
174,0,'Jan 12 2010 10:33PM'
59048,2,'Mar 27 2006  1:17PM'
1225,0,'Nov 21 2009  6:38AM'
62131,0,'May  8 2007  4:48AM'
1369,0,'Nov 18 2009 10:08PM'
1318,0,'Sep 28 2010  6:56AM'
57002,0,'Jun 29 2009  9:03AM'
1076,0,'Dec 15 2009 11:23PM'
1415,0,'Nov 20 2009  1:03PM'
62339,0,'Nov 20 2009  7:52AM'
62228,0,'Dec  2 2009  4:06AM'
1440,0,'Nov 24 2009  7:11AM'
56402,0,'Mar 10 2010 12:12AM'
1074,0,'Dec 15 2009 11:21PM'
62134,0,'May  8 2007  4:23AM'
557,0,'Sep 14 2007  7:46PM'
55916,0,'Oct 31 2010 11:04AM'
315,0,'Nov 25 2009  2:52AM'
378,0,'Dec 17 2010  1:58PM'
503,0,'Nov 24 2009  9:30AM'
151,0,'Jan 12 2010 10:20PM'
1271,0,'Dec 17 2009 12:31AM'
62076,0,'May 11 2007  1:31PM'
775,0,'Nov 29 2009  4:44PM'
1166,0,'Jan 12 2010 10:35PM'
59084,0,'Mar  5 2006  9:40PM'
579,0,'Nov 25 2009  4:52AM'
62806,0,'Mar 24 2011  3:13PM'
1419,0,'Nov 20 2009  1:17PM'
56570,0,'Dec 23 2009  1:11PM'
1389,0,'Nov 20 2009 10:25AM'
536,0,'Nov 18 2010  5:26AM'
82,1,'Dec 20 2000  7:25AM'
56680,0,'Nov 15 2009  9:57AM'
55631,0,'Feb 21 2011  9:41PM'
68,0,'Jan 13 2010  7:45AM'
398,0,'Aug 27 2007  6:54PM'
635,0,'May 11 2007 12:35PM'
58278,0,'Aug  9 2007  5:37AM'
62332,0,'Nov 20 2009  1:30PM'
62822,0,'Sep 15 2006 12:58PM'
60052,0,'Apr 19 2006  7:51AM'
1138,0,'Jan 12 2010  2:09PM'
16,0,'Nov 19 2009  5:36AM'
236,0,'Sep 15 2007  8:26AM'
108,0,'Jul 23 2007  7:06PM'
56739,0,'Oct 22 2009  3:52AM'
440,1,'May 11 2007 12:31PM'
57360,0,'Feb  2 2009  5:39PM'
751,0,'Jun 14 2007  8:12PM'
55576,0,'Mar 20 2011 11:28AM'
469,0,'Dec 17 2009  3:33AM'
445,1,'May 18 2007 12:20AM'
61068,2,'Sep 28 2006  1:16PM'
439,1,'May 11 2007 12:31PM'
62153,0,'Sep 15 2007  5:24AM'
162,0,'Dec 17 2009  3:45AM'
556,1,'Nov 21 2009  4:04AM'
131,0,'Nov 19 2009  6:08AM'
62102,0,'May 10 2007  6:25AM'
1099,1,'Dec 17 2009  5:49AM'
57314,0,'Feb  9 2009  1:58AM'
960,0,'Dec  7 2010  4:35PM'
59078,0,'Mar  6 2006  2:10AM'
62203,0,'Dec  5 2009  4:24AM'
56972,1,'Jul  9 2009  5:22PM'
158,1,'Dec 17 2009 12:36AM'
62079,0,'May 11 2007  1:11PM'
62254,0,'Nov 26 2009  2:59AM'
1165,1,'Dec  2 2009  1:20PM'
57870,0,'Apr 11 2008  9:04AM'
772,0,'Sep 14 2007  8:28PM'
56129,0,'Jul  9 2010  2:19PM'
967,0,'Nov 24 2009  5:16AM'
61195,1,'Sep 16 2006  8:47AM'
1071,0,'Dec 15 2009 11:16PM'
62336,0,'Nov 20 2009 10:17AM'
318,1,'May 11 2007  6:14PM'
1170,0,'Nov 21 2009  6:46AM'
10673,0,'Jun 19 2009  3:53PM'
56033,0,'Sep 11 2010  6:08PM'
4464,0,'Feb  4 2009 10:44PM'
715,0,'May 10 2007  6:16AM'
62096,0,'May 11 2007 12:30PM'
1163,1,'Dec  2 2009  1:18PM'
623,0,'Jul 14 2007  6:09AM'
62812,0,'Jun 19 2009 12:19PM'
386,0,'Jan 29 2010  2:57PM'
56792,0,'Oct  2 2009  3:43PM'
1153,0,'Jan 12 2010  8:29PM'
62345,0,'Nov 20 2009  5:27AM'
55655,0,'Feb 11 2011 12:01PM'
55649,0,'Feb 14 2011  1:03PM'
513,0,'Sep 28 2010  3:52AM'
1199,1,'Sep  8 2010  4:24PM'
745,0,'Jul 14 2007  1:23AM'
61288,0,'Sep  2 2006 12:49PM'
62087,0,'May 11 2007  6:29PM'
369,0,'Jul 14 2007  1:50AM'
1406,0,'Nov 20 2009  7:57AM'
55400,0,'May 28 2011  4:25AM'
361,0,'Nov 17 2009  4:18AM'
817,0,'Dec  3 2010  1:41PM'
56798,0,'Sep 30 2009  5:49AM'
55773,0,'Dec 28 2010 11:15AM'
1107,0,'Jan 13 2010  1:14AM'
1353,0,'Nov 18 2009 10:04PM'
957,0,'Sep 15 2007  5:09AM'
24,1,'Dec  5 2009 12:11AM'
56674,1,'Nov 17 2009  9:13PM'
62086,0,'May 11 2007  8:43AM'
1712,1,'May 25 2007  9:39AM'
604,0,'May 11 2007 11:57AM'
4410,0,'Feb  4 2009  6:14PM'
61099,0,'Sep 30 2006  1:48AM'
58083,0,'Dec 11 2007  4:14PM'
49899,0,'May 18 2007  2:34AM'
1387,0,'Nov 19 2009  4:51AM'
62263,0,'Nov 26 2009  1:19AM'
56344,0,'Apr  8 2010 11:29AM'
56786,0,'Oct  5 2009  8:51AM'
62318,0,'Nov 21 2009  6:21AM'
56103,0,'Nov 15 2010  3:24PM'
62825,0,'Feb 12 2009  3:11PM'
1213,0,'Jan 12 2010  1:32PM'
3371,0,'Feb  4 2009 11:34AM'
353,0,'May 10 2007  5:19AM'
55928,0,'Oct 28 2010 12:52PM'
62382,0,'Sep 28 2010  3:16AM'
59754,0,'Feb 27 2006 12:19AM'
1231,0,'Dec 17 2009 12:29AM'
1253,1,'Jan 13 2010  5:13AM'
1362,0,'Nov 18 2009 10:06PM'
1281,0,'Dec 17 2009 12:33AM'
758,0,'Jul 14 2007  1:18AM'
62553,0,'Aug 17 1999 11:23PM'
60319,0,'May 26 2006  8:11PM'
62261,0,'Nov 26 2009  1:40AM'
58837,0,'Aug  9 2006 12:03AM'
62326,0,'Nov 21 2009  4:03AM'
1461,0,'Nov 21 2009  6:12AM'
60640,0,'Jul 14 2006  7:11AM'
56512,0,'Jan 16 2010 11:21AM'
892,0,'May 11 2007  1:25PM'
1309,0,'Nov 17 2009  3:59AM'
62160,1,'Sep 15 2007  5:01AM'
55574,0,'Mar 20 2011  1:23PM'
1265,0,'Dec 13 2009 11:49PM'
62823,0,'Jun  2 2006  8:00PM'
1708,0,'May 18 2007  1:05AM'
62124,0,'May  8 2007 10:26AM'
62303,0,'Nov 24 2009  7:40AM'
62811,0,'Jun 20 2009  9:21AM'
1137,0,'Jan 12 2010  2:09PM'
1292,0,'Jan 12 2010 12:11PM'
62139,0,'May  8 2007  3:04AM'
1332,0,'Sep 28 2010 12:17PM'
56155,0,'Jul  1 2010 10:31PM'
62317,0,'Dec  7 2010 10:33AM'
1289,0,'Jan 12 2010  9:17AM'
1285,0,'Jan 12 2010  9:16AM'
58678,0,'Feb  4 2009  5:29AM'
633,0,'May 18 2007 12:34AM'
130,0,'Nov 25 2009  2:37AM'
57282,0,'Feb 19 2009 11:17AM'
1323,0,'Sep 28 2010 10:33AM'
55327,0,'Jun 23 2011  9:06PM'
62288,0,'Nov 25 2009  2:55AM'
401,0,'May 11 2007  1:09PM'
1070,0,'Dec 15 2009 11:16PM'
368,0,'Jul 14 2007  1:18AM'
62849,0,'Oct 13 2006  6:49AM'
1160,1,'Dec  2 2009 11:32AM'
1421,0,'Nov 20 2009  1:28PM'
558,0,'Nov 21 2009  6:48AM'
62232,0,'Dec  2 2009  2:42AM'
1136,0,'Jan 12 2010  2:08PM'
62842,0,'Jun  8 2006  4:17AM'
1467,0,'Nov 24 2009  9:30AM'
62294,0,'Nov 25 2009  2:39AM'
62398,0,'Dec 17 2009  6:41AM'
56518,0,'Jan 16 2010 11:19AM'
1476,0,'Nov 24 2009  9:30AM'
6095,0,'Feb  5 2009  4:21AM'
343,0,'Nov 25 2009  5:09AM'
337,1,'Nov 20 2009  5:26AM'
70,2,'May 10 2007  5:48AM'
62208,0,'Dec  5 2009 12:48AM'
62209,0,'Dec  5 2009 12:11AM'
62396,0,'Jan 12 2010 12:04PM'
55969,0,'Oct 15 2010 11:52PM'
62095,0,'May 11 2007  1:59PM'
333,0,'Nov 19 2009  5:42AM'
639,0,'Dec  2 2009  6:18AM'
242,0,'Sep 28 2010  3:20AM'
331,0,'Nov 26 2009  3:35AM'
316,0,'Dec  8 2010  1:28PM'
61333,0,'Aug 29 2006 10:53AM'
1411,2,'Aug 16 2010  7:18PM'
62293,0,'Nov 25 2009  2:41AM'
1159,1,'Dec  2 2009 11:30AM'
62070,0,'May 17 2007 11:05PM'
55390,0,'May 30 2011  9:09PM'
883,0,'May 11 2007  1:23PM'
62149,0,'Sep 15 2007  7:48AM'
56772,0,'Oct  8 2009 12:08AM'
460,0,'Dec  2 2009 12:46AM'
871,0,'Dec  2 2009 12:36AM'
444,1,'May 17 2007 11:12PM'
56340,0,'Apr 16 2010  9:19PM'
56476,0,'Feb  1 2010  4:23AM'
237,0,'Sep 15 2007  8:27AM'
400,2,'May 23 2011  5:08PM'
1437,0,'Nov 24 2009  7:12AM'
1482,0,'Dec  7 2010  4:37PM'
57150,0,'Apr 24 2009  8:05AM'
1261,0,'Jan 12 2010  1:30PM'
57874,0,'Apr 11 2008  8:56AM'
56842,0,'Sep  8 2009  1:46PM'
830,0,'May 11 2007 12:57PM'
1130,0,'Jan 12 2010  2:06PM'
1052,0,'Dec 13 2009 11:49PM'
60938,0,'Oct 13 2006  9:49AM'
1504,0,'Nov 25 2009  5:13AM'
1122,0,'Jan 12 2010  1:37PM'
664,1,'May 11 2007 12:29PM'
60422,0,'Jun  7 2006 11:14PM'
55930,0,'Oct 28 2010 12:52PM'
921,0,'Dec  5 2009  4:14AM'
62355,0,'Nov 19 2009  5:45AM'
463,1,'Jan 13 2010  5:11AM'
387,0,'May 10 2007  2:19AM'
1391,0,'Nov 20 2009 10:26AM'
57288,0,'Feb 19 2009 12:08PM'
766,0,'Jul 14 2007  6:07AM'
1087,0,'Dec 17 2009 12:29AM'
1524,1,'May 11 2007  6:27PM'
1058,0,'Dec 14 2009  1:45AM'
59901,0,'Apr  7 2006  6:34AM'
1488,0,'Nov 25 2009  5:07AM'
412,0,'May 17 2007 11:03PM'
759,0,'Jul 14 2007  1:25AM'
62128,0,'May  8 2007  8:22AM'
1511,0,'Dec  2 2009  4:17AM'
457,1,'Nov 21 2009  4:08AM'
59903,0,'Apr  7 2006  6:32AM'
92,0,'Sep 15 2007  1:00PM'
55721,0,'Jan 18 2011 11:58AM'
62816,0,'May 29 2007 12:18PM'
1214,0,'Jan 12 2010  1:32PM'
62846,0,'Jun 27 2006  9:03AM'
605,0,'Dec  2 2009  6:02AM'
62157,0,'Sep 15 2007  5:04AM'
1109,0,'Jan 13 2010  2:23AM'
59327,0,'Apr  4 2006  4:48PM'
56082,1,'Aug 10 2010  2:44PM'
62260,0,'Nov 26 2009  1:41AM'
62194,0,'Jul 14 2007  1:18AM'
62109,0,'May 10 2007  5:33AM'
56732,0,'Oct 23 2009 12:44PM'
1194,0,'Jan 13 2010  1:07AM'
62296,0,'Nov 24 2009  9:26AM'
60515,0,'Jul  1 2006  5:21PM'
62265,1,'Nov 26 2009  1:18AM'
167,0,'Dec 14 2009 12:04AM'
65,0,'Nov  8 2010  3:22PM'
475,1,'Dec 15 2009 10:36PM'
411,0,'May 10 2007  6:09AM'
1454,0,'Nov 20 2009  5:22AM'
62168,0,'Sep 14 2007  8:06PM'
61284,0,'Sep  2 2006 12:51PM'
62554,1,'Dec 13 2009 11:51PM'
257,0,'Dec  4 2009  9:02PM'
60650,0,'Jul 14 2006  1:25AM'
2487,1,'Feb  3 2009  8:47PM'
146,0,'Nov  1 2007  4:49PM'
62135,0,'May  8 2007  4:21AM'
58222,0,'Sep 10 2007 10:31AM'
1418,0,'Nov 20 2009  1:19PM'
283,0,'May  8 2007  4:30AM'
56397,0,'Mar 12 2010 11:01PM'
474,1,'Dec 15 2009 10:36PM'
1150,0,'Jan 12 2010  6:31PM'
55875,0,'Nov 16 2010  6:08PM'
379,0,'May  8 2007  9:14AM'
1434,0,'Nov 24 2009  5:15AM'
62268,0,'Nov 26 2009 12:10AM'
62289,0,'Nov 25 2009  2:55AM'
166,0,'Dec 13 2009 11:53PM'
59076,0,'Mar  6 2006  2:12AM'
1059,0,'Dec 14 2009  1:45AM'
62440,0,'Jan 12 2010  8:23PM'
1234,0,'Dec 17 2009  3:42AM'
1140,0,'Jan 12 2010  5:36PM'
56078,1,'Aug 13 2010  3:07AM'
56420,0,'Mar  2 2010 10:14AM'
57220,0,'Mar 23 2009 11:03AM'
1345,0,'Nov 18 2009 10:02PM'
147,0,'Jan 12 2010 10:27PM'
106,0,'Sep 28 2010  4:08AM'
62507,0,'Nov 18 2009 10:11PM'
1154,1,'Dec  2 2009 11:02AM'
120,0,'Sep 28 2010  9:28AM'
835,0,'Nov 29 2009  4:44PM'
1205,0,'Jan 12 2010  9:13AM'
1458,1,'Nov 21 2009  3:50AM'
60759,1,'Aug  1 2006  1:59AM'
1342,0,'Nov 18 2009 10:01PM'
328,2,'Jul 14 2007 11:28AM'
61161,0,'Sep 19 2006 12:19PM'
61066,2,'Sep 28 2006  1:20PM'
1375,0,'Nov 18 2009 10:09PM'
531,0,'Nov 29 2009  2:36PM'
62393,0,'Jan 12 2010  8:31PM'
59565,0,'Mar 14 2006  5:11AM'
62314,0,'Nov 21 2009  6:52AM'
50,0,'Jan 13 2010 12:55AM'
13,0,'Nov 17 2009  3:59AM'
57353,1,'Jan 24 2009 10:42AM'
97,0,'May 17 2007 10:50PM'
60430,0,'Jun  7 2006 10:59PM'
61064,2,'Sep 28 2006  1:21PM'
1356,0,'Nov 18 2009 10:04PM'
1483,0,'Nov 25 2009  5:01AM'
1364,0,'Nov 18 2009 10:07PM'
763,0,'Nov 21 2009  3:50AM'
71,2,'May 10 2007  5:53AM'
56776,0,'Oct  8 2009 12:05AM'
172,0,'Jan 12 2010 10:35PM'
60424,0,'Jun  7 2006 11:08PM'
1293,0,'Jan 12 2010 12:13PM'
62065,0,'May 18 2007  1:16AM'
62148,0,'Nov  6 2007  1:36PM'
362,0,'May 11 2007 12:41PM'
433,1,'Sep  6 2007  7:57AM'
319,0,'Dec  4 2009  8:26PM'
62442,0,'Jan 12 2010  8:23PM'
58,0,'May  8 2007  4:26AM'
407,0,'Nov 26 2009  1:26AM'
681,0,'May 18 2007  1:46AM'
57584,0,'Sep 29 2008  2:14PM'
62848,0,'Aug  1 2006  4:27AM'
132,0,'Jan 12 2010  9:14AM'
1711,1,'May 25 2007  9:21AM'
58228,0,'Sep 10 2007 10:29AM'
62341,0,'Nov 20 2009  7:44AM'
62807,0,'Mar 10 2011  9:07AM'
62819,0,'Nov 22 2006  3:11PM'
1102,0,'Sep 28 2010  4:17AM'
529,0,'Dec  2 2009  7:42AM'
62270,0,'Nov 26 2009 12:10AM'
1413,0,'Nov 20 2009  8:02AM'
84,0,'Nov 25 2009  2:42AM'
62093,0,'May 11 2007  5:58PM'
62143,0,'May  8 2007  2:54AM'
1497,0,'Nov 25 2009  5:08AM'
62133,0,'May  8 2007  4:23AM'
62259,0,'Nov 26 2009  1:44AM'
62338,0,'Nov 20 2009 10:08AM'
124,0,'Nov 19 2009  4:43AM'
1142,0,'Jan 12 2010  5:36PM'
60934,0,'Oct 13 2006  9:51AM'
419,1,'Nov 21 2009  3:52AM'
62085,0,'May 11 2007  8:43AM'
1203,0,'Jan 12 2010  9:12AM'
846,0,'Nov 29 2009  2:42PM'
793,0,'May 17 2007 11:09PM'
350,0,'May 11 2007 12:47PM'
100,0,'Nov 25 2009  2:38AM'
1367,0,'Nov 18 2009 10:07PM'
334,3,'Nov 19 2009  4:17PM'
255,0,'Nov 25 2009  2:42AM'
12,1,'Oct  5 2000  7:19PM'
58284,0,'Aug  9 2007  5:36AM'
61062,2,'Sep 28 2006  1:23PM'
58592,0,'Jan  6 2007 12:20PM'
62225,0,'Dec  2 2009  7:36AM'
1146,0,'Jan 12 2010  6:30PM'
168,1,'Dec 17 2009  6:29AM'
56496,0,'Jan 24 2010  7:50AM'
62200,0,'Dec  5 2009  4:53AM'
57,0,'May  8 2007  3:02AM'
1517,0,'Dec  4 2009  7:13PM'
62384,0,'Nov 17 2009  3:51AM'
56904,2,'Aug 11 2009  1:12PM'
55909,0,'Nov  4 2010  1:30AM'
1431,1,'Nov  5 2010  8:10AM'
235,0,'Sep 15 2007  8:23AM'
325,0,'Nov 25 2009  3:00AM'
1162,1,'Dec  2 2009  1:17PM'
51,0,'Jan 13 2010  1:01AM'
518,0,'Nov 17 2009  3:54AM'
60879,0,'Aug 17 2006  7:00PM'
1472,0,'Nov 24 2009  9:28AM'
2490,1,'Feb  4 2009  1:21AM'
59567,0,'Mar 14 2006  5:11AM'
60058,0,'Apr 19 2006  7:28AM'
247,0,'May  8 2007  4:27AM'
215,1,'Dec 15 2009 11:08PM'
62443,0,'Aug 13 2010  6:12PM'
1134,0,'Jan 12 2010  2:08PM'
1126,0,'Jan 12 2010  1:38PM'
57284,0,'Feb 19 2009 12:06PM'
1361,0,'Nov 18 2009 10:05PM'
1900,1,'Aug 29 2007 12:28PM'
57015,1,'Apr 28 2011  2:25PM'
1518,0,'Dec  4 2009  9:13PM'
1117,0,'Jan 12 2010  1:35PM'
140,1,'May 11 2007 12:30PM'
1290,0,'Jan 12 2010  9:19AM'
756,1,'Jul 14 2007 11:19AM'
1487,0,'Nov 25 2009  5:06AM'
62309,0,'Dec 13 2010 11:31AM'
170,1,'Dec 17 2009  6:23AM'
62278,0,'Nov 25 2009  8:08AM'
4460,0,'Feb  4 2009 10:42PM'
62073,0,'May 17 2007 10:48PM'
62222,0,'Dec  2 2009 10:35AM'
576,1,'Nov 21 2009  3:51AM'
57156,0,'Apr 23 2009  2:53PM'
62342,0,'Nov 20 2009  7:43AM'
59080,0,'Mar  6 2006  2:08AM'
207,1,'Dec 17 2009 12:51AM'
154,0,'Nov  1 2007  4:48PM'
59329,0,'Apr  4 2006  4:45PM'
62301,0,'Nov 24 2009  7:41AM'
56016,0,'Sep 21 2010  4:44PM'
1388,0,'Nov 20 2009 10:27AM'
67,0,'Jan 12 2010  1:34PM'
1456,0,'Sep 27 2000  1:51PM'
62364,0,'Nov 19 2009  4:16AM'
1270,0,'Dec 17 2009 12:30AM'
62435,0,'Jan 12 2010 11:54PM'
1208,0,'Feb  1 2010  8:40PM'
29,0,'Nov 26 2009  3:21AM'
1449,0,'Nov 19 2009  4:16PM'
59569,0,'Mar 14 2006  6:17AM'
1445,0,'Nov 24 2009  7:12AM'
1465,0,'Nov 24 2009  9:22AM'
59,0,'Nov 21 2009  6:47AM'
60633,0,'Jul 14 2006  6:44AM'
60634,0,'Jul 14 2006  7:27AM'
1085,0,'Dec 15 2009 11:23PM'
55532,0,'Apr  8 2011  2:37PM'
1390,0,'Nov 20 2009 10:25AM'
62189,0,'Jul 14 2007  1:42AM'
344,0,'Nov  2 2007  4:27AM'
56868,0,'Aug 26 2009 12:28PM'
60325,0,'May 29 2006 12:39PM'
62269,0,'Nov 26 2009 12:10AM'
55766,0,'Dec 31 2010  1:11AM'
1051,0,'Dec 13 2009 11:35PM'
1344,0,'Nov 18 2009 10:01PM'
429,0,'May 11 2007  8:40AM'
1112,1,'Nov 21 2009  4:06AM'
62074,0,'May 11 2007  1:28PM'
62077,0,'May 11 2007  1:26PM'
1376,0,'Nov 18 2009 10:10PM'
1473,0,'Nov 24 2009  9:28AM'
1411,0,'Aug 16 2010  7:18PM'
1503,0,'Nov 25 2009  5:11AM'
62183,0,'Jul 14 2007  1:48AM'
1196,0,'Dec 15 2009 10:36PM'
532,1,'Nov 20 2009  5:33AM'
466,0,'Dec 17 2009 12:30AM'
62253,0,'Nov 26 2009  3:35AM'
1397,0,'Nov 20 2009 10:52AM'
1132,0,'Jan 12 2010  2:07PM'
877,0,'Dec  5 2009  4:14AM'
62286,0,'Nov 25 2009  4:39AM'
1378,0,'Nov 18 2009 10:11PM'
742,0,'Sep 14 2007  7:44PM'
169,0,'Sep 15 2007 11:47AM'
5352,2,'Feb  5 2009  2:23AM'
1127,0,'Jan 12 2010  1:38PM'
833,0,'Dec  2 2009 12:35AM'
269,0,'Dec  4 2009  9:03PM'
1164,1,'Dec  2 2009  1:21PM'
805,0,'Jul 14 2007  6:34AM'
468,0,'Dec 17 2009 12:31AM'
62224,0,'Dec  2 2009  7:39AM'
562,0,'Sep 14 2007  8:06PM'
57580,0,'Sep 29 2008  6:04PM'
157,0,'Jan 12 2010 10:24PM'
359,1,'May  8 2007  4:39AM'
60060,0,'Apr 19 2006  7:26AM'
230,0,'Sep 15 2007  8:25AM'
62091,0,'May 11 2007  6:15PM'
541,0,'Nov 25 2009  2:53AM'
56714,0,'Nov  9 2009 10:07AM'
62312,0,'Nov 21 2009  7:02AM'
55580,0,'Mar 20 2011 11:28AM'
62277,0,'Nov 25 2009  8:32AM'
62292,0,'Nov 25 2009  2:41AM'
62110,0,'May 10 2007  5:31AM'
1105,0,'Jan 13 2010  1:06AM'
1118,0,'Jan 12 2010  1:35PM'
1302,0,'Sep 28 2010  3:16AM'
1269,0,'Dec 15 2009 11:12PM'
62080,0,'May 11 2007  1:11PM'
1287,0,'Jan 12 2010  9:17AM'
3368,0,'Feb  4 2009  7:19AM'
625,0,'Dec  2 2009  7:52AM'
609,0,'Nov 26 2009  1:18AM'
55952,0,'Nov 16 2010 11:37AM'
1505,1,'Jan 26 2010  8:43PM'
55932,0,'Oct 28 2010 12:54PM'
2223,0,'Nov  4 2006  4:04AM'
1471,0,'Nov 24 2009  9:22AM'
1339,0,'Sep 28 2010  2:36AM'
56321,1,'Apr 18 2010  6:31PM'
1404,0,'Nov 20 2009 12:42PM'
62156,0,'Sep 15 2007  5:08AM'
270,2,'Sep 14 2007  7:42PM'
60183,0,'May 23 2006  6:21AM'
841,0,'May 10 2007  5:18AM'
327,0,'Jul 14 2007  6:12AM'
62251,0,'Nov 29 2009  2:27PM'
62147,0,'Sep 15 2007  8:09AM'
1408,0,'Nov 25 2009 11:57PM'
1431,0,'Oct 26 2010  4:21PM'
1299,0,'Jan 12 2010  8:21PM'
1341,0,'Sep 28 2010  2:06AM'
55971,0,'Oct 15 2010 11:54PM'
139,0,'Nov  1 2007  4:47PM'
62302,0,'Nov 24 2009  7:40AM'
62437,0,'Jan 12 2010  8:25PM'
738,0,'Sep 14 2007  7:42PM'
1210,0,'Feb  1 2010  8:40PM'
55495,0,'Apr 21 2011  9:41AM'
62092,0,'May 11 2007  6:05PM'
49,0,'Sep 24 2010  2:50PM'
56053,0,'Aug 28 2010  9:47PM'
56956,0,'Jul 16 2009  1:08AM'
62831,0,'Mar  9 2006 11:20PM'
1424,0,'Nov 20 2009  8:02AM'
62837,0,'Jun 14 2006  1:21PM'
62125,0,'May  8 2007 10:23AM'
1145,0,'Jan 12 2010  6:29PM'
55626,0,'Feb 24 2011  5:27PM'
1520,0,'Jul 14 2007  1:40AM'
2489,1,'Feb  3 2009 11:32PM'
346,0,'Dec  4 2009  8:18PM'
56241,0,'May 23 2010 12:04PM'
211,1,'Dec 15 2009 11:07PM'
1521,0,'Sep 15 2007  7:49AM'
1217,0,'Jan 12 2010  1:33PM'
57154,0,'Apr 23 2009  2:54PM'
56099,0,'Jul 31 2010 12:19AM'
836,0,'Sep 15 2007  5:14AM'
1128,0,'Jan 12 2010  1:39PM'
55539,0,'Apr  5 2011 11:44AM'
1100,1,'Dec 17 2009  5:53AM'
62877,0,'Feb  5 2009  9:19AM'
496,0,'May 17 2007 11:06PM'
1480,0,'Nov 24 2009  5:26AM'
208,1,'Dec 17 2009 12:53AM'
1381,0,'Nov 18 2009 10:11PM'
834,1,'May 18 2007  1:46AM'
860,0,'Sep 23 2010  6:15PM'
1324,0,'Sep 28 2010 10:33AM'
1509,0,'May  8 2007  3:09AM'
396,1,'Nov 21 2009  3:52AM'
56770,0,'Oct  8 2009 12:08AM'
102,0,'May 11 2007  8:44AM'
11975,0,'Mar 11 2010  2:28PM'
163,0,'Dec 13 2009 11:52PM'
62199,0,'Dec  4 2009  7:14PM'
961,0,'Nov 24 2009  9:17AM'
56012,0,'Sep 24 2010  4:26PM'
1457,0,'Dec  6 2010  3:46PM'
614,0,'May 10 2007  6:10AM'
138,0,'Dec 16 2009 10:12PM'
105,1,'Nov 20 2009  5:28AM'
814,0,'Nov 29 2009  4:33PM'
1090,0,'Dec 17 2009 12:29AM'
62196,0,'Jul 14 2007  1:11AM'
225,0,'Sep 15 2007  8:16AM'
1088,0,'Dec 17 2009 12:29AM'
539,0,'May 10 2007  5:50AM'
57706,0,'Jul  9 2008 11:54AM'
843,0,'Dec  2 2009 12:35AM'
425,0,'May 11 2007 12:33PM'
57087,0,'May 27 2009 11:18AM'
62335,0,'Nov 20 2009 10:31AM'
55965,0,'Oct 15 2010 11:52PM'
55727,0,'Jan 18 2011  6:30AM'
355,0,'Dec  2 2009  9:32AM'
1441,0,'Nov 24 2009  5:16AM'
1169,1,'Jan 13 2010  4:27AM'
62834,0,'Apr 12 2006  2:14AM'
57158,0,'Apr 23 2009  2:52PM'
1077,0,'Dec 16 2009  2:07AM'
1494,0,'Nov 25 2009  5:04AM'
55705,0,'Feb  3 2011  2:21PM'
510,0,'Nov 19 2009  2:32PM'
807,0,'May 18 2007 12:56AM'
1068,0,'Dec 15 2009 11:16PM'
59563,0,'Mar 14 2006  5:15AM'
1705,0,'May 23 2007  6:29AM'
1468,0,'Nov 24 2009  9:28AM'
1491,0,'Nov 25 2009  5:02AM'
57578,0,'Sep 29 2008  6:04PM'
62319,0,'Nov 21 2009  6:21AM'
521,1,'Nov 20 2009  7:36AM'
1498,0,'Nov 25 2009  5:09AM'
76,1,'May 11 2007  6:26PM'
370,0,'Sep 15 2007  5:01AM'
418,1,'Aug 29 2007  1:53PM'
57290,0,'Feb 19 2009 12:08PM'
60637,0,'Jul 14 2006  7:21AM'
222,0,'Dec 16 2009  2:28AM'
1298,0,'Jan 12 2010  8:19PM'
62896,0,'Nov  2 2007  8:43AM'
60175,0,'Feb  4 2009  9:24AM'
60761,1,'Aug  1 2006  1:59AM'
161,1,'Dec 17 2009 12:51AM'
62220,0,'Dec  2 2009 10:58AM'
209,1,'Dec 17 2009 12:53AM'
62150,0,'Sep 15 2007  7:44AM'
60179,0,'May 23 2006  6:28AM'
372,0,'Feb  4 2009 11:34AM'
493,0,'May 10 2007  5:14AM'
55525,1,'Apr 11 2011  1:11AM'
1296,0,'Feb  1 2010  8:42PM'
56247,0,'May 20 2010  4:22PM'
1125,0,'Jan 12 2010  1:38PM'
1343,0,'Nov 18 2009 10:01PM'
60056,0,'Apr 19 2006  7:45AM'
555,1,'Nov 21 2009  4:07AM'
1202,0,'Jan 12 2010  9:12AM'
55934,0,'Oct 28 2010 12:54PM'
1095,1,'Dec 17 2009  3:32AM'
771,0,'Jul 14 2007  6:03AM'
62323,0,'Nov 21 2009  4:11AM'
125,0,'Nov 25 2009  3:02AM'
62298,0,'Nov 24 2009  9:24AM'
59756,0,'Feb 27 2006 12:17AM'
224,0,'Sep 15 2007  8:14AM'
60880,1,'Aug 22 2006 11:25AM'
390,0,'May 10 2007  2:20AM'
2468,0,'Feb  3 2009  4:57PM'
1363,0,'Nov 18 2009 10:06PM'
59571,0,'Mar 14 2006  6:11AM'
752,0,'Nov 29 2009  4:47PM'
62204,0,'Dec  5 2009  3:58AM'
62358,0,'Nov 19 2009  5:25AM'
294,2,'Sep 14 2007  7:43PM'
57868,0,'Apr 11 2008  9:00AM'
910,0,'Nov 25 2009  4:45AM'
1161,1,'Dec  2 2009 12:49PM'
1377,0,'Nov 18 2009 10:10PM'
126,0,'May  8 2007  8:25AM'
171,0,'Jan 12 2010  8:18PM'
57152,0,'Apr 23 2009  2:55PM'
405,0,'Nov  1 2007  4:50PM'
62082,0,'May 11 2007  1:01PM'
1417,0,'Nov 20 2009  1:18PM'
62843,0,'Jun 30 2006  4:37AM'
55605,1,'Mar  9 2011  4:10PM'
1507,0,'Jan 26 2010  5:34PM'
62392,0,'Jan 12 2010 10:28PM'
159,0,'Dec 16 2009  2:41AM'
62386,0,'Jan 13 2010  6:57AM'
55598,1,'Mar 13 2011  3:58PM'
553,1,'Nov 20 2009  5:22AM'
1380,0,'Nov 18 2009 10:11PM'
581,0,'Nov 19 2009  3:21PM'
624,0,'Nov 26 2009 12:08AM'
62211,0,'Dec  4 2009 11:46PM'
56928,0,'Jul 28 2009  3:27AM'
62177,1,'Jul 14 2007 11:22AM'
394,1,'Nov 21 2009  3:53AM'
56438,1,'Feb 19 2010 11:27AM'
2469,1,'Feb  3 2009  6:59PM'
473,1,'Aug  9 2010  9:06PM'
1212,0,'Jan 12 2010  1:31PM'
62094,0,'May 11 2007  2:00PM'
1280,0,'Dec 17 2009 12:33AM'
619,0,'May 11 2007 12:36PM'
127,0,'Dec  5 2009  5:58AM'
56307,0,'Apr 21 2010  1:37PM'
392,1,'Nov 21 2009  3:53AM'
678,0,'Nov 20 2009  7:50AM'
56029,0,'Sep 14 2010  2:58PM'
61038,1,'Feb  4 2009 11:46PM'
1278,0,'Dec 17 2009 12:33AM'
62387,0,'Jan 13 2010  6:34AM'
56980,1,'Jul  9 2009  3:55PM'
62174,0,'Jul 14 2007  6:01AM'
58839,0,'Aug  9 2006 12:04AM'
57237,0,'Mar 12 2009 10:21PM'
1502,0,'Nov 25 2009  5:11AM'
56826,0,'Sep 17 2009 12:34AM'
62256,0,'Nov 26 2009  2:51AM'
62084,0,'Jun 29 2007 12:46PM'
60940,0,'Oct 13 2006  9:47AM'
62262,0,'Nov 26 2009  1:19AM'
968,0,'Nov 19 2009  5:30AM'
62555,1,'Dec 13 2009 11:50PM'
60881,0,'Nov  2 2006  7:03PM'
62851,0,'Sep 22 2006  9:36PM'
1268,0,'Feb 23 2010  3:44PM'
305,0,'Nov 25 2009  8:33AM'
62388,0,'Jan 13 2010  4:28AM'
62813,0,'Nov  4 2008  3:59PM'
1446,0,'Nov 24 2009  7:12AM'
62178,1,'Jul 14 2007 11:20AM'
22,0,'Sep 28 2010  3:21AM'
55948,1,'Oct 21 2010 12:48AM'
213,0,'Dec 16 2009  2:28AM'
1374,0,'Nov 18 2009 10:07PM'
60638,0,'Jul 14 2006  7:19AM'
62850,0,'Oct  2 2006  1:52PM'
98,0,'May  8 2007  6:44AM'
1373,0,'Nov 18 2009 10:09PM'
930,0,'May 11 2007  1:08PM'
792,0,'Dec  2 2009 12:36AM'
1463,0,'Dec  7 2010  4:35PM'
1464,0,'Nov 24 2009  9:19AM'
62142,0,'May  8 2007  2:55AM'
705,0,'May  8 2007  3:14AM'
62264,0,'Nov 29 2009  1:08PM'
1484,0,'Nov 25 2009  5:04AM'
4461,0,'Feb  4 2009 10:42PM'
93,0,'Dec  2 2009  9:25AM'
142,0,'Nov  1 2007  4:48PM'
57320,0,'Feb  6 2009  9:57AM'
1084,0,'Dec 15 2009 11:23PM'
57344,0,'Jan 26 2009  7:28PM'
62829,0,'Mar 18 2006  2:17PM'
966,0,'Nov 24 2009  7:22AM'
293,0,'Dec  4 2009  9:04PM'
62215,0,'Dec  4 2009  9:03PM'
62163,0,'Nov  1 2007  4:49PM'
1083,0,'Dec 15 2009 11:23PM'
61405,0,'Jan 12 2007  2:36AM'
62250,0,'Dec  3 2010  6:03PM'
58230,0,'Sep 10 2007 10:29AM'
1469,0,'Nov 24 2009  9:22AM'
797,0,'May 11 2007 12:43PM'
706,0,'Sep 15 2007  1:00PM'
656,0,'Nov 26 2009  2:07AM'
1514,0,'Jul 14 2007  1:35AM'
59050,2,'Mar 27 2006  1:17PM'
1135,0,'Jan 12 2010  2:08PM'
1129,0,'Jan 12 2010  2:05PM'
653,0,'Dec  5 2009  2:39AM'
1371,0,'Nov 18 2009 10:09PM'
61201,1,'Sep 16 2006  8:44AM'
559,0,'Nov 21 2009  6:48AM'
660,0,'May 11 2007  1:35PM'
1246,1,'Jan 13 2010  4:40AM'
1207,0,'Feb  1 2010  8:40PM'
57009,1,'Jun 26 2009  3:04PM'
1481,0,'Nov 24 2009  7:01AM'
60639,0,'Jul 14 2006  7:13AM'
56282,0,'May  4 2010  1:36PM'
542,0,'Nov 24 2009  7:23AM'
1474,0,'Nov 24 2009  9:28AM'
62841,0,'Apr 28 2006  1:47AM'
364,0,'Nov  2 2007  4:26AM'
4457,0,'Feb  4 2009  9:29PM'
59321,0,'Apr  4 2006  5:16PM'
1,0,'Sep 20 2010  3:35PM'
1295,0,'Jan 12 2010  9:15AM'
62104,0,'May 10 2007  6:11AM'
55719,0,'Jan 18 2011 12:48PM'
1158,1,'Dec  2 2009 11:10AM'
1382,0,'Nov 18 2009 10:13PM'
373,1,'Dec  4 2009 11:06PM'
550,0,'Dec  9 2010  2:30PM'
56687,0,'Nov 11 2009  9:16AM'
62170,0,'Sep 14 2007  7:44PM'
60523,0,'Jul  1 2006  5:09PM'
640,0,'May 11 2007 11:43AM'
784,0,'Dec  2 2009  9:06AM'
57180,0,'Apr 13 2009  4:36PM'
3370,0,'Feb  4 2009  9:24AM'
62106,0,'May 10 2007  5:57AM'
59905,0,'Apr  7 2006  6:29AM'
610,1,'May 11 2007  6:23PM'
55850,0,'Nov 24 2010  8:55AM'
69,2,'May 10 2007  5:46AM'
62295,0,'Nov 25 2009  2:37AM'
397,1,'Nov 21 2009  4:04AM'
1286,0,'Jan 12 2010  9:16AM'
1267,0,'Dec 14 2009 12:06AM'
55804,0,'Dec 20 2010 10:52AM'
802,0,'Nov 25 2009  8:07AM'
56831,0,'Sep 13 2009 11:39PM'
56892,0,'Aug 13 2009  5:40AM'
62191,0,'Jul 14 2007  1:20AM'
62814,0,'Jul 27 2008 12:36PM'
62201,0,'Dec  5 2009  4:52AM'
143,0,'Jan 12 2010  8:16PM'
259,0,'May  8 2007  4:28AM'
324,0,'Nov 25 2009  3:02AM'
1435,0,'Nov 24 2009  7:01AM'
1072,0,'Dec 15 2009 11:19PM'
906,1,'Jun 29 2007  2:27PM'
1113,1,'Nov 21 2009  4:06AM'
62821,0,'Sep 15 2006 12:58PM'
62258,0,'Nov 26 2009  1:53AM'
901,0,'Nov 26 2009  2:36AM'
1133,0,'Jan 12 2010  2:07PM'
232,0,'Sep 15 2007  9:00AM'
160,1,'Dec 17 2009 12:35AM'
173,0,'Jan 12 2010 10:33PM'
62321,0,'Nov 21 2009  6:03AM'
62847,0,'Feb  5 2009 10:40AM'
56140,0,'Jul  9 2010 10:58AM'
1432,0,'May  8 2007  2:53AM'
1333,0,'Sep 28 2010 12:18PM'
59468,0,'Mar 23 2006 11:18AM'
62327,0,'Nov 21 2009  4:03AM'
62808,0,'Nov 18 2010 10:45AM'
55679,0,'Jan 31 2011  9:44PM'
970,0,'Jul 14 2007  6:09AM'
1327,0,'Sep 28 2010 10:37AM'
62206,0,'Dec  5 2009  3:54AM'
86,1,'Dec  5 2009 12:34AM'
5311,0,'Feb  5 2009  1:31AM'
60656,0,'Jul 14 2006  1:21AM'
1120,0,'Jan 12 2010  1:36PM'
753,0,'May 11 2007  8:42AM'
55700,0,'Jan 23 2011 11:47PM'
1420,0,'Nov 20 2009  1:33PM'
1062,0,'Dec 14 2009  1:47AM'
1124,0,'Jan 12 2010  1:37PM'
577,0,'Nov 20 2009  1:39PM'
14,0,'May 11 2007  1:39PM'
295,0,'May  8 2007  4:32AM'
217,0,'Dec 17 2009  3:44AM'
62383,0,'Nov 17 2009  4:11AM'
62281,0,'Nov 25 2009  4:52AM'
1263,0,'Dec 13 2009 11:50PM'
1351,0,'Nov 18 2009 10:03PM'
1459,0,'Nov 20 2009 10:20AM'
57710,0,'Jul  9 2008 11:51AM'
4463,0,'Feb  4 2009 10:35PM'
927,1,'May 18 2007  1:39AM'
1486,0,'Nov 25 2009  5:05AM'
307,0,'Dec  4 2009  7:13PM'
414,1,'Dec  5 2009 12:41AM'
56887,0,'Aug 15 2009  8:31PM'
62187,0,'Jul 14 2007  1:47AM'
940,0,'May 17 2007 10:46PM'
223,0,'Sep 15 2007  8:11AM'
1334,0,'Sep 28 2010 12:19PM'
57252,0,'Mar  5 2009  3:58AM'
56878,0,'Aug 21 2009  2:52AM'
1103,0,'Sep 28 2010  4:58AM'
767,0,'Dec  2 2009  2:30AM'
811,0,'Dec 10 2010  7:09PM'
1294,0,'Jan 12 2010  9:15AM'
1114,1,'Nov 21 2009  4:05AM'
1061,0,'Dec 14 2009  1:47AM'
1097,1,'Dec 17 2009  3:33AM'
680,0,'May 18 2007  1:08AM'
279,0,'Aug 16 2010  2:46PM'
1448,0,'Nov 19 2009  4:09PM'
928,0,'Nov 24 2009  5:27AM'
652,0,'Nov 29 2009  2:41PM'
1403,0,'Nov 20 2009 12:42PM'
60932,0,'Oct 13 2006  9:52AM'
268,0,'Nov 26 2009  2:06AM'
1515,0,'Jul 14 2007  1:41AM'
403,0,'Nov 26 2009  1:25AM'
523,1,'Nov 19 2009  4:09PM'
764,0,'Nov 21 2009  6:55AM'
58226,0,'Sep 10 2007 10:30AM'
59750,0,'Feb 27 2006 12:21AM'
1115,0,'Jan 12 2010  1:34PM'
62214,0,'Dec  4 2009 11:07PM'
1358,0,'Nov 18 2009 10:05PM'
870,0,'Nov 26 2009  1:23AM'
1152,0,'Jan 12 2010  6:42PM'
214,0,'Dec 15 2009 10:35PM'
611,0,'May 10 2007  5:43AM'
1325,0,'Sep 28 2010 10:35AM'
62137,0,'May  8 2007  3:05AM'
62101,0,'May 11 2007 11:41AM'
587,0,'May 10 2007  2:23AM'
519,0,'Nov  5 2010  9:30AM'
56514,0,'Jan 16 2010 11:19AM'
56525,0,'Jan 13 2010  2:51PM'
85,0,'Jun 12 2007  3:09AM'
1284,0,'Jan 12 2010  9:16AM'
1249,0,'Jan 13 2010 12:59AM'
62264,1,'Jan 26 2010  5:50PM'
62315,0,'Nov 21 2009  6:33AM'
769,0,'May  8 2007  4:24AM'
56277,0,'May  7 2010 10:11AM'
304,1,'May 11 2007  1:07PM'
62282,0,'Nov 25 2009  4:51AM'
408,0,'Jul 14 2007  3:56AM'
1141,0,'Jan 12 2010  5:36PM'
506,0,'May  8 2007  3:14AM'
56665,1,'Nov 18 2009 10:45PM'
476,1,'Dec 15 2009 10:36PM'
62221,0,'Dec  2 2009 10:36AM'
62273,0,'Nov 25 2009 11:58PM'
59752,0,'Feb 27 2006 12:20AM'
965,1,'Nov 19 2009  3:03PM'
1089,0,'Dec 17 2009 12:29AM'
1405,0,'Nov 20 2009  8:01AM'
1492,0,'Nov 25 2009  5:03AM'
62322,0,'Nov 21 2009  4:11AM'
55993,0,'Oct  5 2010  8:00AM'
1081,0,'Dec 15 2009 11:22PM'
96,1,'Nov 21 2009  4:07AM'
58843,0,'Aug  9 2006 12:04AM'
62809,0,'Mar 11 2010  2:28PM'
62441,0,'Jan 12 2010  8:23PM'
62307,0,'Nov 24 2009  5:18AM'
221,0,'Dec 16 2009  2:27AM'
210,0,'Dec 17 2009  3:43AM'
59474,0,'Mar 23 2006 11:16AM'
596,0,'Nov 26 2009  1:18AM'
1155,1,'Dec  2 2009 11:04AM'
1279,0,'Dec 17 2009 12:33AM'
212,1,'Dec 15 2009 11:08PM'
1426,0,'Nov 20 2009  8:03AM'
1475,0,'Nov 24 2009  9:23AM'
650,0,'Jul 14 2007 11:06AM'
1348,0,'Nov 18 2009 10:02PM'
59899,0,'Apr  7 2006  6:36AM'
1423,1,'Nov 21 2009  3:49AM'
281,0,'Dec  4 2009  9:03PM'
1055,0,'Dec 14 2009 12:11AM'
62558,1,'Dec 13 2009 11:49PM'
267,0,'Nov 25 2009  2:42AM'
107,1,'Nov 20 2009  5:23AM'
5312,0,'Feb  5 2009  1:32AM'
62422,0,'Jan 13 2010  6:51AM'
62226,0,'Dec  2 2009  7:30AM'
1079,0,'Dec 15 2009 11:22PM'
62285,0,'Nov 25 2009  4:43AM'
60181,0,'May 23 2006  6:25AM'
48,0,'Sep 24 2010  2:50PM'
60765,1,'Aug  1 2006  1:57AM'
1060,0,'Dec 14 2009  1:45AM'
62144,0,'May 23 2007  9:16AM'
308,0,'Nov  1 2007  4:47PM'
1340,0,'Sep 28 2010  2:36AM'
1248,0,'Nov 21 2009  6:31AM'
245,0,'Dec  4 2009  9:01PM'
1094,1,'Dec 17 2009  3:32AM'
62098,0,'May 11 2007  5:26PM'
62205,0,'Dec  5 2009  3:56AM'
1075,0,'Dec 15 2009 11:21PM'
62159,1,'Sep 15 2007  5:04AM'
747,0,'Nov 29 2009  4:40PM'
62275,0,'Nov 27 2009  6:36PM'
1372,0,'Nov 18 2009 10:09PM'
2,0,'May  8 2007 10:32AM'
714,0,'May  8 2007  4:41AM'
62815,0,'Nov  9 2007  7:52AM'
55798,0,'Dec 17 2010 11:39PM'
1190,0,'Dec 14 2009  2:03AM'
1470,0,'Nov 24 2009  9:23AM'
62836,0,'Apr 13 2006  8:17AM'
1201,0,'Jan 12 2010  9:11AM'
62146,0,'Sep 15 2007  8:04AM'
62088,0,'May 11 2007  6:29PM'
944,0,'May 11 2007 11:45AM'
77,0,'Nov 25 2009  2:39AM'
1398,0,'Nov 20 2009 10:54AM'
1513,0,'Jan 28 2010  2:31PM'
62369,0,'Sep 28 2010 10:21AM'
62081,0,'May 11 2007  1:02PM'
62097,0,'May 11 2007  5:30PM'
56883,0,'Aug 18 2009  8:21AM'
376,0,'Nov 24 2009  5:16AM'
58491,0,'Mar 12 2007  1:04PM'
62129,0,'May  8 2007  4:49AM'
62283,0,'Nov 25 2009  4:43AM'
461,1,'Dec  5 2009 12:01AM'
62330,0,'Nov 21 2009  3:47AM'
62195,0,'Jul 14 2007  1:17AM'
62553,1,'Dec 13 2009 11:51PM'
1252,0,'Nov 17 2009  3:52AM'
3358, 2, 'Aug 29 2006 11:35AM'
3663, 0, 'Sep 17 2006  6:03PM'
3357, 2, 'Aug 29 2006 11:36AM'
2818, 0, 'Aug 29 2006 10:53AM'
3105, 0, 'Aug 29 2006 10:30AM'
60473, 0, 'Nov 24 2003  3:27PM'
2741, 0, 'Aug 29 2006 10:32AM'
648, 1, 'Feb  5 2009  4:21AM' 
61338, 0, 'Sep 15 2006  4:11PM'
60417, 0, 'Jun  8 2006  2:36AM'
62023, 0, 'May 31 2007  8:44PM'
57652, 0, 'Oct 21 2008  7:58PM'
584, 0, 'May 30 2007 12:26PM'
61463, 0, 'Jan  3 2007 12:00PM'
56607, 0, 'Dec  9 2009  8:48PM'
2099, 0, 'Dec 21 2006  9:16AM'
55302, 0, 'Nov 15 2011  6:00PM'
55186, 0, 'Sep 16 2011  1:18AM'
7292, 0, 'Jan  7 2013  2:52PM'
65533, 0, 'Nov 11 2013 5:48AM'
14528, 0, 'Jul 17 2014 2:07PM'
52606, 1, 'Jul 29 2014 12:36PM'
2062, 0, 'Sep 14 2012  3:08PM'
4912, 4, 'Nov 7 2012 4:47AM'
61381, 0, 'Sep 28 2012 8:51PM'
